,ID,Count
0,2013040100,423.0
1,2013040101,383.0
2,2013040102,352.0
3,2013040103,312.0
4,2013040104,295.0
5,2013040105,269.0
6,2013040106,287.0
7,2013040107,350.0
8,2013040108,378.0
9,2013040109,429.0
10,2013040110,480.0
11,2013040111,574.0
12,2013040112,641.0
13,2013040113,596.0
14,2013040114,691.0
15,2013040115,688.0
16,2013040116,673.0
17,2013040117,683.0
18,2013040118,687.0
19,2013040119,751.0
20,2013040120,723.0
21,2013040121,711.0
22,2013040122,652.0
23,2013040123,649.0
24,2013040200,608.0
25,2013040201,565.0
26,2013040202,509.0
27,2013040203,451.0
28,2013040204,361.0
29,2013040205,330.0
30,2013040206,343.0
31,2013040207,399.0
32,2013040208,414.0
33,2013040209,454.0
34,2013040210,514.0
35,2013040211,592.0
36,2013040212,671.0
37,2013040213,606.0
38,2013040214,714.0
39,2013040215,691.0
40,2013040216,671.0
41,2013040217,691.0
42,2013040218,710.0
43,2013040219,774.0
44,2013040220,755.0
45,2013040221,712.0
46,2013040222,649.0
47,2013040223,656.0
48,2013040300,628.0
49,2013040301,579.0
50,2013040302,519.0
51,2013040303,454.0
52,2013040304,368.0
53,2013040305,319.0
54,2013040306,337.0
55,2013040307,387.0
56,2013040308,400.0
57,2013040309,449.0
58,2013040310,509.0
59,2013040311,586.0
60,2013040312,638.0
61,2013040313,610.0
62,2013040314,700.0
63,2013040315,672.0
64,2013040316,660.0
65,2013040317,676.0
66,2013040318,683.0
67,2013040319,743.0
68,2013040320,739.0
69,2013040321,708.0
70,2013040322,647.0
71,2013040323,663.0
72,2013040400,608.0
73,2013040401,570.0
74,2013040402,505.0
75,2013040403,433.0
76,2013040404,364.0
77,2013040405,324.0
78,2013040406,320.0
79,2013040407,380.0
80,2013040408,387.0
81,2013040409,433.0
82,2013040410,489.0
83,2013040411,567.0
84,2013040412,638.0
85,2013040413,588.0
86,2013040414,662.0
87,2013040415,664.0
88,2013040416,621.0
89,2013040417,638.0
90,2013040418,680.0
91,2013040419,727.0
92,2013040420,736.0
93,2013040421,669.0
94,2013040422,621.0
95,2013040423,635.0
96,2013040500,585.0
97,2013040501,545.0
98,2013040502,487.0
99,2013040503,418.0
100,2013040504,334.0
101,2013040505,307.0
102,2013040506,290.0
103,2013040507,347.0
104,2013040508,367.0
105,2013040509,417.0
106,2013040510,445.0
107,2013040511,538.0
108,2013040512,577.0
109,2013040513,548.0
110,2013040514,621.0
111,2013040515,595.0
112,2013040516,576.0
113,2013040517,575.0
114,2013040518,589.0
115,2013040519,637.0
116,2013040520,632.0
117,2013040521,577.0
118,2013040522,538.0
119,2013040523,552.0
120,2013040600,509.0
121,2013040601,472.0
122,2013040602,413.0
123,2013040603,351.0
124,2013040604,278.0
125,2013040605,228.0
126,2013040606,215.0
127,2013040607,231.0
128,2013040608,242.0
129,2013040609,276.0
130,2013040610,310.0
131,2013040611,323.0
132,2013040612,338.0
133,2013040613,310.0
134,2013040614,307.0
135,2013040615,299.0
136,2013040616,324.0
137,2013040617,336.0
138,2013040618,343.0
139,2013040619,395.0
140,2013040620,380.0
141,2013040621,389.0
142,2013040622,390.0
143,2013040623,425.0
144,2013040700,388.0
145,2013040701,343.0
146,2013040702,300.0
147,2013040703,272.0
148,2013040704,238.0
149,2013040705,218.0
150,2013040706,207.0
151,2013040707,226.0
152,2013040708,254.0
153,2013040709,286.0
154,2013040710,296.0
155,2013040711,315.0
156,2013040712,334.0
157,2013040713,315.0
158,2013040714,320.0
159,2013040715,306.0
160,2013040716,331.0
161,2013040717,376.0
162,2013040718,390.0
163,2013040719,416.0
164,2013040720,415.0
165,2013040721,406.0
166,2013040722,422.0
167,2013040723,458.0
168,2013040800,423.0
169,2013040801,383.0
170,2013040802,352.0
171,2013040803,312.0
172,2013040804,295.0
173,2013040805,269.0
174,2013040806,287.0
175,2013040807,350.0
176,2013040808,378.0
177,2013040809,429.0
178,2013040810,480.0
179,2013040811,574.0
180,2013040812,641.0
181,2013040813,596.0
182,2013040814,691.0
183,2013040815,688.0
184,2013040816,673.0
185,2013040817,683.0
186,2013040818,687.0
187,2013040819,751.0
188,2013040820,723.0
189,2013040821,711.0
190,2013040822,652.0
191,2013040823,649.0
192,2013040900,608.0
193,2013040901,565.0
194,2013040902,509.0
195,2013040903,451.0
196,2013040904,361.0
197,2013040905,330.0
198,2013040906,343.0
199,2013040907,399.0
200,2013040908,414.0
201,2013040909,454.0
202,2013040910,514.0
203,2013040911,592.0
204,2013040912,671.0
205,2013040913,606.0
206,2013040914,714.0
207,2013040915,691.0
208,2013040916,671.0
209,2013040917,691.0
210,2013040918,710.0
211,2013040919,774.0
212,2013040920,755.0
213,2013040921,712.0
214,2013040922,649.0
215,2013040923,656.0
216,2013041000,628.0
217,2013041001,579.0
218,2013041002,519.0
219,2013041003,454.0
220,2013041004,368.0
221,2013041005,319.0
222,2013041006,337.0
223,2013041007,387.0
224,2013041008,400.0
225,2013041009,449.0
226,2013041010,509.0
227,2013041011,586.0
228,2013041012,638.0
229,2013041013,610.0
230,2013041014,700.0
231,2013041015,672.0
232,2013041016,660.0
233,2013041017,676.0
234,2013041018,683.0
235,2013041019,743.0
236,2013041020,739.0
237,2013041021,708.0
238,2013041022,647.0
239,2013041023,663.0
240,2013041100,608.0
241,2013041101,570.0
242,2013041102,505.0
243,2013041103,433.0
244,2013041104,364.0
245,2013041105,324.0
246,2013041106,320.0
247,2013041107,380.0
248,2013041108,387.0
249,2013041109,433.0
250,2013041110,489.0
251,2013041111,567.0
252,2013041112,638.0
253,2013041113,588.0
254,2013041114,662.0
255,2013041115,664.0
256,2013041116,621.0
257,2013041117,638.0
258,2013041118,680.0
259,2013041119,727.0
260,2013041120,736.0
261,2013041121,669.0
262,2013041122,621.0
263,2013041123,635.0
264,2013041200,585.0
265,2013041201,545.0
266,2013041202,487.0
267,2013041203,418.0
268,2013041204,334.0
269,2013041205,307.0
270,2013041206,290.0
271,2013041207,347.0
272,2013041208,367.0
273,2013041209,417.0
274,2013041210,445.0
275,2013041211,538.0
276,2013041212,577.0
277,2013041213,548.0
278,2013041214,621.0
279,2013041215,595.0
280,2013041216,576.0
281,2013041217,575.0
282,2013041218,589.0
283,2013041219,637.0
284,2013041220,632.0
285,2013041221,577.0
286,2013041222,538.0
287,2013041223,552.0
288,2013041300,509.0
289,2013041301,472.0
290,2013041302,413.0
291,2013041303,351.0
292,2013041304,278.0
293,2013041305,228.0
294,2013041306,215.0
295,2013041307,231.0
296,2013041308,242.0
297,2013041309,276.0
298,2013041310,310.0
299,2013041311,323.0
300,2013041312,338.0
301,2013041313,310.0
302,2013041314,307.0
303,2013041315,299.0
304,2013041316,324.0
305,2013041317,336.0
306,2013041318,343.0
307,2013041319,395.0
308,2013041320,380.0
309,2013041321,389.0
310,2013041322,390.0
311,2013041323,425.0
312,2013041400,388.0
313,2013041401,343.0
314,2013041402,300.0
315,2013041403,272.0
316,2013041404,238.0
317,2013041405,218.0
318,2013041406,207.0
319,2013041407,226.0
320,2013041408,254.0
321,2013041409,286.0
322,2013041410,296.0
323,2013041411,315.0
324,2013041412,334.0
325,2013041413,315.0
326,2013041414,320.0
327,2013041415,306.0
328,2013041416,331.0
329,2013041417,376.0
330,2013041418,390.0
331,2013041419,416.0
332,2013041420,415.0
333,2013041421,406.0
334,2013041422,422.0
335,2013041423,458.0
336,2013041500,423.0
337,2013041501,383.0
338,2013041502,352.0
339,2013041503,312.0
340,2013041504,295.0
341,2013041505,269.0
342,2013041506,287.0
343,2013041507,350.0
344,2013041508,378.0
345,2013041509,429.0
346,2013041510,480.0
347,2013041511,574.0
348,2013041512,641.0
349,2013041513,596.0
350,2013041514,691.0
351,2013041515,688.0
352,2013041516,673.0
353,2013041517,683.0
354,2013041518,687.0
355,2013041519,751.0
356,2013041520,723.0
357,2013041521,711.0
358,2013041522,652.0
359,2013041523,649.0
360,2013041600,608.0
361,2013041601,565.0
362,2013041602,509.0
363,2013041603,451.0
364,2013041604,361.0
365,2013041605,330.0
366,2013041606,343.0
367,2013041607,399.0
368,2013041608,414.0
369,2013041609,454.0
370,2013041610,514.0
371,2013041611,592.0
372,2013041612,671.0
373,2013041613,606.0
374,2013041614,714.0
375,2013041615,691.0
376,2013041616,671.0
377,2013041617,691.0
378,2013041618,710.0
379,2013041619,774.0
380,2013041620,755.0
381,2013041621,712.0
382,2013041622,649.0
383,2013041623,656.0
384,2013041700,628.0
385,2013041701,579.0
386,2013041702,519.0
387,2013041703,454.0
388,2013041704,368.0
389,2013041705,319.0
390,2013041706,337.0
391,2013041707,387.0
392,2013041708,400.0
393,2013041709,449.0
394,2013041710,509.0
395,2013041711,586.0
396,2013041712,638.0
397,2013041713,610.0
398,2013041714,700.0
399,2013041715,672.0
400,2013041716,660.0
401,2013041717,676.0
402,2013041718,683.0
403,2013041719,743.0
404,2013041720,739.0
405,2013041721,708.0
406,2013041722,647.0
407,2013041723,663.0
408,2013041800,608.0
409,2013041801,570.0
410,2013041802,505.0
411,2013041803,433.0
412,2013041804,364.0
413,2013041805,324.0
414,2013041806,320.0
415,2013041807,380.0
416,2013041808,387.0
417,2013041809,433.0
418,2013041810,489.0
419,2013041811,567.0
420,2013041812,638.0
421,2013041813,588.0
422,2013041814,662.0
423,2013041815,664.0
424,2013041816,621.0
425,2013041817,638.0
426,2013041818,680.0
427,2013041819,727.0
428,2013041820,736.0
429,2013041821,669.0
430,2013041822,621.0
431,2013041823,635.0
432,2013041900,585.0
433,2013041901,545.0
434,2013041902,487.0
435,2013041903,418.0
436,2013041904,334.0
437,2013041905,307.0
438,2013041906,290.0
439,2013041907,347.0
440,2013041908,367.0
441,2013041909,417.0
442,2013041910,445.0
443,2013041911,538.0
444,2013041912,577.0
445,2013041913,548.0
446,2013041914,621.0
447,2013041915,595.0
448,2013041916,576.0
449,2013041917,575.0
450,2013041918,589.0
451,2013041919,637.0
452,2013041920,632.0
453,2013041921,577.0
454,2013041922,538.0
455,2013041923,552.0
456,2013042000,509.0
457,2013042001,472.0
458,2013042002,413.0
459,2013042003,351.0
460,2013042004,278.0
461,2013042005,228.0
462,2013042006,215.0
463,2013042007,231.0
464,2013042008,242.0
465,2013042009,276.0
466,2013042010,310.0
467,2013042011,323.0
468,2013042012,338.0
469,2013042013,310.0
470,2013042014,307.0
471,2013042015,299.0
472,2013042016,324.0
473,2013042017,336.0
474,2013042018,343.0
475,2013042019,395.0
476,2013042020,380.0
477,2013042021,389.0
478,2013042022,390.0
479,2013042023,425.0
480,2013042100,388.0
481,2013042101,343.0
482,2013042102,300.0
483,2013042103,272.0
484,2013042104,238.0
485,2013042105,218.0
486,2013042106,207.0
487,2013042107,226.0
488,2013042108,254.0
489,2013042109,286.0
490,2013042110,296.0
491,2013042111,315.0
492,2013042112,334.0
493,2013042113,315.0
494,2013042114,320.0
495,2013042115,306.0
496,2013042116,331.0
497,2013042117,376.0
498,2013042118,390.0
499,2013042119,416.0
500,2013042120,415.0
501,2013042121,406.0
502,2013042122,422.0
503,2013042123,458.0
504,2013042200,423.0
505,2013042201,383.0
506,2013042202,352.0
507,2013042203,312.0
508,2013042204,295.0
509,2013042205,269.0
510,2013042206,287.0
511,2013042207,350.0
512,2013042208,378.0
513,2013042209,429.0
514,2013042210,480.0
515,2013042211,574.0
516,2013042212,641.0
517,2013042213,596.0
518,2013042214,691.0
519,2013042215,688.0
520,2013042216,673.0
521,2013042217,683.0
522,2013042218,687.0
523,2013042219,751.0
524,2013042220,723.0
525,2013042221,711.0
526,2013042222,652.0
527,2013042223,649.0
528,2013042300,608.0
529,2013042301,565.0
530,2013042302,509.0
531,2013042303,451.0
532,2013042304,361.0
533,2013042305,330.0
534,2013042306,343.0
535,2013042307,399.0
536,2013042308,414.0
537,2013042309,454.0
538,2013042310,514.0
539,2013042311,592.0
540,2013042312,671.0
541,2013042313,606.0
542,2013042314,714.0
543,2013042315,691.0
544,2013042316,671.0
545,2013042317,691.0
546,2013042318,710.0
547,2013042319,774.0
548,2013042320,755.0
549,2013042321,712.0
550,2013042322,649.0
551,2013042323,656.0
552,2013042400,628.0
553,2013042401,579.0
554,2013042402,519.0
555,2013042403,454.0
556,2013042404,368.0
557,2013042405,319.0
558,2013042406,337.0
559,2013042407,387.0
560,2013042408,400.0
561,2013042409,449.0
562,2013042410,509.0
563,2013042411,586.0
564,2013042412,638.0
565,2013042413,610.0
566,2013042414,700.0
567,2013042415,672.0
568,2013042416,660.0
569,2013042417,676.0
570,2013042418,683.0
571,2013042419,743.0
572,2013042420,739.0
573,2013042421,708.0
574,2013042422,647.0
575,2013042423,663.0
576,2013042500,608.0
577,2013042501,570.0
578,2013042502,505.0
579,2013042503,433.0
580,2013042504,364.0
581,2013042505,324.0
582,2013042506,320.0
583,2013042507,380.0
584,2013042508,387.0
585,2013042509,433.0
586,2013042510,489.0
587,2013042511,567.0
588,2013042512,638.0
589,2013042513,588.0
590,2013042514,662.0
591,2013042515,664.0
592,2013042516,621.0
593,2013042517,638.0
594,2013042518,680.0
595,2013042519,727.0
596,2013042520,736.0
597,2013042521,669.0
598,2013042522,621.0
599,2013042523,635.0
600,2013042600,585.0
601,2013042601,545.0
602,2013042602,487.0
603,2013042603,418.0
604,2013042604,334.0
605,2013042605,307.0
606,2013042606,290.0
607,2013042607,347.0
608,2013042608,367.0
609,2013042609,417.0
610,2013042610,445.0
611,2013042611,538.0
612,2013042612,577.0
613,2013042613,548.0
614,2013042614,621.0
615,2013042615,595.0
616,2013042616,576.0
617,2013042617,575.0
618,2013042618,589.0
619,2013042619,637.0
620,2013042620,632.0
621,2013042621,577.0
622,2013042622,538.0
623,2013042623,552.0
624,2013042700,509.0
625,2013042701,472.0
626,2013042702,413.0
627,2013042703,351.0
628,2013042704,278.0
629,2013042705,228.0
630,2013042706,215.0
631,2013042707,231.0
632,2013042708,242.0
633,2013042709,276.0
634,2013042710,310.0
635,2013042711,323.0
636,2013042712,338.0
637,2013042713,310.0
638,2013042714,307.0
639,2013042715,299.0
640,2013042716,324.0
641,2013042717,336.0
642,2013042718,343.0
643,2013042719,395.0
644,2013042720,380.0
645,2013042721,389.0
646,2013042722,390.0
647,2013042723,425.0
648,2013042800,388.0
649,2013042801,343.0
650,2013042802,300.0
651,2013042803,272.0
652,2013042804,238.0
653,2013042805,218.0
654,2013042806,207.0
655,2013042807,226.0
656,2013042808,254.0
657,2013042809,286.0
658,2013042810,296.0
659,2013042811,315.0
660,2013042812,334.0
661,2013042813,315.0
662,2013042814,320.0
663,2013042815,306.0
664,2013042816,331.0
665,2013042817,376.0
666,2013042818,390.0
667,2013042819,416.0
668,2013042820,415.0
669,2013042821,406.0
670,2013042822,422.0
671,2013042823,458.0
672,2013042900,423.0
673,2013042901,383.0
674,2013042902,352.0
675,2013042903,312.0
676,2013042904,295.0
677,2013042905,269.0
678,2013042906,287.0
679,2013042907,350.0
680,2013042908,378.0
681,2013042909,429.0
682,2013042910,480.0
683,2013042911,574.0
684,2013042912,641.0
685,2013042913,596.0
686,2013042914,691.0
687,2013042915,688.0
688,2013042916,673.0
689,2013042917,683.0
690,2013042918,687.0
691,2013042919,751.0
692,2013042920,723.0
693,2013042921,711.0
694,2013042922,652.0
695,2013042923,649.0
696,2013043000,608.0
697,2013043001,565.0
698,2013043002,509.0
699,2013043003,451.0
700,2013043004,361.0
701,2013043005,330.0
702,2013043006,343.0
703,2013043007,399.0
704,2013043008,414.0
705,2013043009,454.0
706,2013043010,514.0
707,2013043011,592.0
708,2013043012,671.0
709,2013043013,606.0
710,2013043014,714.0
711,2013043015,691.0
712,2013043016,671.0
713,2013043017,691.0
714,2013043018,710.0
715,2013043019,774.0
716,2013043020,755.0
717,2013043021,712.0
718,2013043022,649.0
719,2013043023,656.0
720,2013050100,650.0
721,2013050101,551.0
722,2013050102,489.0
723,2013050103,395.0
724,2013050104,305.0
725,2013050105,295.0
726,2013050106,320.0
727,2013050107,366.0
728,2013050108,381.0
729,2013050109,445.0
730,2013050110,552.0
731,2013050111,633.0
732,2013050112,728.0
733,2013050113,651.0
734,2013050114,751.0
735,2013050115,759.0
736,2013050116,751.0
737,2013050117,707.0
738,2013050118,764.0
739,2013050119,798.0
740,2013050120,770.0
741,2013050121,740.0
742,2013050122,669.0
743,2013050123,643.0
744,2013050200,629.0
745,2013050201,543.0
746,2013050202,476.0
747,2013050203,376.0
748,2013050204,302.0
749,2013050205,299.0
750,2013050206,304.0
751,2013050207,360.0
752,2013050208,368.0
753,2013050209,429.0
754,2013050210,530.0
755,2013050211,613.0
756,2013050212,728.0
757,2013050213,628.0
758,2013050214,710.0
759,2013050215,749.0
760,2013050216,707.0
761,2013050217,668.0
762,2013050218,760.0
763,2013050219,780.0
764,2013050220,766.0
765,2013050221,700.0
766,2013050222,642.0
767,2013050223,616.0
768,2013050300,606.0
769,2013050301,518.0
770,2013050302,459.0
771,2013050303,363.0
772,2013050304,277.0
773,2013050305,284.0
774,2013050306,275.0
775,2013050307,329.0
776,2013050308,349.0
777,2013050309,414.0
778,2013050310,482.0
779,2013050311,581.0
780,2013050312,659.0
781,2013050313,585.0
782,2013050314,667.0
783,2013050315,672.0
784,2013050316,657.0
785,2013050317,602.0
786,2013050318,660.0
787,2013050319,685.0
788,2013050320,659.0
789,2013050321,604.0
790,2013050322,556.0
791,2013050323,536.0
792,2013050400,527.0
793,2013050401,449.0
794,2013050402,389.0
795,2013050403,305.0
796,2013050404,230.0
797,2013050405,210.0
798,2013050406,204.0
799,2013050407,219.0
800,2013050408,230.0
801,2013050409,274.0
802,2013050410,337.0
803,2013050411,349.0
804,2013050412,387.0
805,2013050413,331.0
806,2013050414,331.0
807,2013050415,339.0
808,2013050416,371.0
809,2013050417,352.0
810,2013050418,385.0
811,2013050419,425.0
812,2013050420,396.0
813,2013050421,407.0
814,2013050422,404.0
815,2013050423,412.0
816,2013050500,401.0
817,2013050501,326.0
818,2013050502,282.0
819,2013050503,236.0
820,2013050504,196.0
821,2013050505,201.0
822,2013050506,196.0
823,2013050507,214.0
824,2013050508,242.0
825,2013050509,284.0
826,2013050510,321.0
827,2013050511,341.0
828,2013050512,382.0
829,2013050513,337.0
830,2013050514,344.0
831,2013050515,346.0
832,2013050516,379.0
833,2013050517,394.0
834,2013050518,437.0
835,2013050519,447.0
836,2013050520,433.0
837,2013050521,425.0
838,2013050522,436.0
839,2013050523,444.0
840,2013050600,438.0
841,2013050601,364.0
842,2013050602,331.0
843,2013050603,271.0
844,2013050604,244.0
845,2013050605,249.0
846,2013050606,273.0
847,2013050607,331.0
848,2013050608,360.0
849,2013050609,426.0
850,2013050610,520.0
851,2013050611,620.0
852,2013050612,732.0
853,2013050613,636.0
854,2013050614,742.0
855,2013050615,777.0
856,2013050616,767.0
857,2013050617,715.0
858,2013050618,769.0
859,2013050619,807.0
860,2013050620,753.0
861,2013050621,743.0
862,2013050622,674.0
863,2013050623,629.0
864,2013050700,629.0
865,2013050701,537.0
866,2013050702,479.0
867,2013050703,392.0
868,2013050704,299.0
869,2013050705,305.0
870,2013050706,326.0
871,2013050707,378.0
872,2013050708,394.0
873,2013050709,450.0
874,2013050710,557.0
875,2013050711,640.0
876,2013050712,765.0
877,2013050713,647.0
878,2013050714,767.0
879,2013050715,780.0
880,2013050716,764.0
881,2013050717,724.0
882,2013050718,793.0
883,2013050719,832.0
884,2013050720,787.0
885,2013050721,744.0
886,2013050722,670.0
887,2013050723,637.0
888,2013050800,650.0
889,2013050801,551.0
890,2013050802,489.0
891,2013050803,395.0
892,2013050804,305.0
893,2013050805,295.0
894,2013050806,320.0
895,2013050807,366.0
896,2013050808,381.0
897,2013050809,445.0
898,2013050810,552.0
899,2013050811,633.0
900,2013050812,728.0
901,2013050813,651.0
902,2013050814,751.0
903,2013050815,759.0
904,2013050816,751.0
905,2013050817,707.0
906,2013050818,764.0
907,2013050819,798.0
908,2013050820,770.0
909,2013050821,740.0
910,2013050822,669.0
911,2013050823,643.0
912,2013050900,629.0
913,2013050901,543.0
914,2013050902,476.0
915,2013050903,376.0
916,2013050904,302.0
917,2013050905,299.0
918,2013050906,304.0
919,2013050907,360.0
920,2013050908,368.0
921,2013050909,429.0
922,2013050910,530.0
923,2013050911,613.0
924,2013050912,728.0
925,2013050913,628.0
926,2013050914,710.0
927,2013050915,749.0
928,2013050916,707.0
929,2013050917,668.0
930,2013050918,760.0
931,2013050919,780.0
932,2013050920,766.0
933,2013050921,700.0
934,2013050922,642.0
935,2013050923,616.0
936,2013051000,606.0
937,2013051001,518.0
938,2013051002,459.0
939,2013051003,363.0
940,2013051004,277.0
941,2013051005,284.0
942,2013051006,275.0
943,2013051007,329.0
944,2013051008,349.0
945,2013051009,414.0
946,2013051010,482.0
947,2013051011,581.0
948,2013051012,659.0
949,2013051013,585.0
950,2013051014,667.0
951,2013051015,672.0
952,2013051016,657.0
953,2013051017,602.0
954,2013051018,660.0
955,2013051019,685.0
956,2013051020,659.0
957,2013051021,604.0
958,2013051022,556.0
959,2013051023,536.0
960,2013051100,527.0
961,2013051101,449.0
962,2013051102,389.0
963,2013051103,305.0
964,2013051104,230.0
965,2013051105,210.0
966,2013051106,204.0
967,2013051107,219.0
968,2013051108,230.0
969,2013051109,274.0
970,2013051110,337.0
971,2013051111,349.0
972,2013051112,387.0
973,2013051113,331.0
974,2013051114,331.0
975,2013051115,339.0
976,2013051116,371.0
977,2013051117,352.0
978,2013051118,385.0
979,2013051119,425.0
980,2013051120,396.0
981,2013051121,407.0
982,2013051122,404.0
983,2013051123,412.0
984,2013051200,401.0
985,2013051201,326.0
986,2013051202,282.0
987,2013051203,236.0
988,2013051204,196.0
989,2013051205,201.0
990,2013051206,196.0
991,2013051207,214.0
992,2013051208,242.0
993,2013051209,284.0
994,2013051210,321.0
995,2013051211,341.0
996,2013051212,382.0
997,2013051213,337.0
998,2013051214,344.0
999,2013051215,346.0
1000,2013051216,379.0
1001,2013051217,394.0
1002,2013051218,437.0
1003,2013051219,447.0
1004,2013051220,433.0
1005,2013051221,425.0
1006,2013051222,436.0
1007,2013051223,444.0
1008,2013051300,438.0
1009,2013051301,364.0
1010,2013051302,331.0
1011,2013051303,271.0
1012,2013051304,244.0
1013,2013051305,249.0
1014,2013051306,273.0
1015,2013051307,331.0
1016,2013051308,360.0
1017,2013051309,426.0
1018,2013051310,520.0
1019,2013051311,620.0
1020,2013051312,732.0
1021,2013051313,636.0
1022,2013051314,742.0
1023,2013051315,777.0
1024,2013051316,767.0
1025,2013051317,715.0
1026,2013051318,769.0
1027,2013051319,807.0
1028,2013051320,753.0
1029,2013051321,743.0
1030,2013051322,674.0
1031,2013051323,629.0
1032,2013051400,629.0
1033,2013051401,537.0
1034,2013051402,479.0
1035,2013051403,392.0
1036,2013051404,299.0
1037,2013051405,305.0
1038,2013051406,326.0
1039,2013051407,378.0
1040,2013051408,394.0
1041,2013051409,450.0
1042,2013051410,557.0
1043,2013051411,640.0
1044,2013051412,765.0
1045,2013051413,647.0
1046,2013051414,767.0
1047,2013051415,780.0
1048,2013051416,764.0
1049,2013051417,724.0
1050,2013051418,793.0
1051,2013051419,832.0
1052,2013051420,787.0
1053,2013051421,744.0
1054,2013051422,670.0
1055,2013051423,637.0
1056,2013051500,650.0
1057,2013051501,551.0
1058,2013051502,489.0
1059,2013051503,395.0
1060,2013051504,305.0
1061,2013051505,295.0
1062,2013051506,320.0
1063,2013051507,366.0
1064,2013051508,381.0
1065,2013051509,445.0
1066,2013051510,552.0
1067,2013051511,633.0
1068,2013051512,728.0
1069,2013051513,651.0
1070,2013051514,751.0
1071,2013051515,759.0
1072,2013051516,751.0
1073,2013051517,707.0
1074,2013051518,764.0
1075,2013051519,798.0
1076,2013051520,770.0
1077,2013051521,740.0
1078,2013051522,669.0
1079,2013051523,643.0
1080,2013051600,629.0
1081,2013051601,543.0
1082,2013051602,476.0
1083,2013051603,376.0
1084,2013051604,302.0
1085,2013051605,299.0
1086,2013051606,304.0
1087,2013051607,360.0
1088,2013051608,368.0
1089,2013051609,429.0
1090,2013051610,530.0
1091,2013051611,613.0
1092,2013051612,728.0
1093,2013051613,628.0
1094,2013051614,710.0
1095,2013051615,749.0
1096,2013051616,707.0
1097,2013051617,668.0
1098,2013051618,760.0
1099,2013051619,780.0
1100,2013051620,766.0
1101,2013051621,700.0
1102,2013051622,642.0
1103,2013051623,616.0
1104,2013051700,606.0
1105,2013051701,518.0
1106,2013051702,459.0
1107,2013051703,363.0
1108,2013051704,277.0
1109,2013051705,284.0
1110,2013051706,275.0
1111,2013051707,329.0
1112,2013051708,349.0
1113,2013051709,414.0
1114,2013051710,482.0
1115,2013051711,581.0
1116,2013051712,659.0
1117,2013051713,585.0
1118,2013051714,667.0
1119,2013051715,672.0
1120,2013051716,657.0
1121,2013051717,602.0
1122,2013051718,660.0
1123,2013051719,685.0
1124,2013051720,659.0
1125,2013051721,604.0
1126,2013051722,556.0
1127,2013051723,536.0
1128,2013051800,527.0
1129,2013051801,449.0
1130,2013051802,389.0
1131,2013051803,305.0
1132,2013051804,230.0
1133,2013051805,210.0
1134,2013051806,204.0
1135,2013051807,219.0
1136,2013051808,230.0
1137,2013051809,274.0
1138,2013051810,337.0
1139,2013051811,349.0
1140,2013051812,387.0
1141,2013051813,331.0
1142,2013051814,331.0
1143,2013051815,339.0
1144,2013051816,371.0
1145,2013051817,352.0
1146,2013051818,385.0
1147,2013051819,425.0
1148,2013051820,396.0
1149,2013051821,407.0
1150,2013051822,404.0
1151,2013051823,412.0
1152,2013051900,401.0
1153,2013051901,326.0
1154,2013051902,282.0
1155,2013051903,236.0
1156,2013051904,196.0
1157,2013051905,201.0
1158,2013051906,196.0
1159,2013051907,214.0
1160,2013051908,242.0
1161,2013051909,284.0
1162,2013051910,321.0
1163,2013051911,341.0
1164,2013051912,382.0
1165,2013051913,337.0
1166,2013051914,344.0
1167,2013051915,346.0
1168,2013051916,379.0
1169,2013051917,394.0
1170,2013051918,437.0
1171,2013051919,447.0
1172,2013051920,433.0
1173,2013051921,425.0
1174,2013051922,436.0
1175,2013051923,444.0
1176,2013052000,438.0
1177,2013052001,364.0
1178,2013052002,331.0
1179,2013052003,271.0
1180,2013052004,244.0
1181,2013052005,249.0
1182,2013052006,273.0
1183,2013052007,331.0
1184,2013052008,360.0
1185,2013052009,426.0
1186,2013052010,520.0
1187,2013052011,620.0
1188,2013052012,732.0
1189,2013052013,636.0
1190,2013052014,742.0
1191,2013052015,777.0
1192,2013052016,767.0
1193,2013052017,715.0
1194,2013052018,769.0
1195,2013052019,807.0
1196,2013052020,753.0
1197,2013052021,743.0
1198,2013052022,674.0
1199,2013052023,629.0
1200,2013052100,629.0
1201,2013052101,537.0
1202,2013052102,479.0
1203,2013052103,392.0
1204,2013052104,299.0
1205,2013052105,305.0
1206,2013052106,326.0
1207,2013052107,378.0
1208,2013052108,394.0
1209,2013052109,450.0
1210,2013052110,557.0
1211,2013052111,640.0
1212,2013052112,765.0
1213,2013052113,647.0
1214,2013052114,767.0
1215,2013052115,780.0
1216,2013052116,764.0
1217,2013052117,724.0
1218,2013052118,793.0
1219,2013052119,832.0
1220,2013052120,787.0
1221,2013052121,744.0
1222,2013052122,670.0
1223,2013052123,637.0
1224,2013052200,650.0
1225,2013052201,551.0
1226,2013052202,489.0
1227,2013052203,395.0
1228,2013052204,305.0
1229,2013052205,295.0
1230,2013052206,320.0
1231,2013052207,366.0
1232,2013052208,381.0
1233,2013052209,445.0
1234,2013052210,552.0
1235,2013052211,633.0
1236,2013052212,728.0
1237,2013052213,651.0
1238,2013052214,751.0
1239,2013052215,759.0
1240,2013052216,751.0
1241,2013052217,707.0
1242,2013052218,764.0
1243,2013052219,798.0
1244,2013052220,770.0
1245,2013052221,740.0
1246,2013052222,669.0
1247,2013052223,643.0
1248,2013052300,629.0
1249,2013052301,543.0
1250,2013052302,476.0
1251,2013052303,376.0
1252,2013052304,302.0
1253,2013052305,299.0
1254,2013052306,304.0
1255,2013052307,360.0
1256,2013052308,368.0
1257,2013052309,429.0
1258,2013052310,530.0
1259,2013052311,613.0
1260,2013052312,728.0
1261,2013052313,628.0
1262,2013052314,710.0
1263,2013052315,749.0
1264,2013052316,707.0
1265,2013052317,668.0
1266,2013052318,760.0
1267,2013052319,780.0
1268,2013052320,766.0
1269,2013052321,700.0
1270,2013052322,642.0
1271,2013052323,616.0
1272,2013052400,606.0
1273,2013052401,518.0
1274,2013052402,459.0
1275,2013052403,363.0
1276,2013052404,277.0
1277,2013052405,284.0
1278,2013052406,275.0
1279,2013052407,329.0
1280,2013052408,349.0
1281,2013052409,414.0
1282,2013052410,482.0
1283,2013052411,581.0
1284,2013052412,659.0
1285,2013052413,585.0
1286,2013052414,667.0
1287,2013052415,672.0
1288,2013052416,657.0
1289,2013052417,602.0
1290,2013052418,660.0
1291,2013052419,685.0
1292,2013052420,659.0
1293,2013052421,604.0
1294,2013052422,556.0
1295,2013052423,536.0
1296,2013052500,527.0
1297,2013052501,449.0
1298,2013052502,389.0
1299,2013052503,305.0
1300,2013052504,230.0
1301,2013052505,210.0
1302,2013052506,204.0
1303,2013052507,219.0
1304,2013052508,230.0
1305,2013052509,274.0
1306,2013052510,337.0
1307,2013052511,349.0
1308,2013052512,387.0
1309,2013052513,331.0
1310,2013052514,331.0
1311,2013052515,339.0
1312,2013052516,371.0
1313,2013052517,352.0
1314,2013052518,385.0
1315,2013052519,425.0
1316,2013052520,396.0
1317,2013052521,407.0
1318,2013052522,404.0
1319,2013052523,412.0
1320,2013052600,401.0
1321,2013052601,326.0
1322,2013052602,282.0
1323,2013052603,236.0
1324,2013052604,196.0
1325,2013052605,201.0
1326,2013052606,196.0
1327,2013052607,214.0
1328,2013052608,242.0
1329,2013052609,284.0
1330,2013052610,321.0
1331,2013052611,341.0
1332,2013052612,382.0
1333,2013052613,337.0
1334,2013052614,344.0
1335,2013052615,346.0
1336,2013052616,379.0
1337,2013052617,394.0
1338,2013052618,437.0
1339,2013052619,447.0
1340,2013052620,433.0
1341,2013052621,425.0
1342,2013052622,436.0
1343,2013052623,444.0
1344,2013052700,438.0
1345,2013052701,364.0
1346,2013052702,331.0
1347,2013052703,271.0
1348,2013052704,244.0
1349,2013052705,249.0
1350,2013052706,273.0
1351,2013052707,331.0
1352,2013052708,360.0
1353,2013052709,426.0
1354,2013052710,520.0
1355,2013052711,620.0
1356,2013052712,732.0
1357,2013052713,636.0
1358,2013052714,742.0
1359,2013052715,777.0
1360,2013052716,767.0
1361,2013052717,715.0
1362,2013052718,769.0
1363,2013052719,807.0
1364,2013052720,753.0
1365,2013052721,743.0
1366,2013052722,674.0
1367,2013052723,629.0
1368,2013052800,629.0
1369,2013052801,537.0
1370,2013052802,479.0
1371,2013052803,392.0
1372,2013052804,299.0
1373,2013052805,305.0
1374,2013052806,326.0
1375,2013052807,378.0
1376,2013052808,394.0
1377,2013052809,450.0
1378,2013052810,557.0
1379,2013052811,640.0
1380,2013052812,765.0
1381,2013052813,647.0
1382,2013052814,767.0
1383,2013052815,780.0
1384,2013052816,764.0
1385,2013052817,724.0
1386,2013052818,793.0
1387,2013052819,832.0
1388,2013052820,787.0
1389,2013052821,744.0
1390,2013052822,670.0
1391,2013052823,637.0
1392,2013052900,650.0
1393,2013052901,551.0
1394,2013052902,489.0
1395,2013052903,395.0
1396,2013052904,305.0
1397,2013052905,295.0
1398,2013052906,320.0
1399,2013052907,366.0
1400,2013052908,381.0
1401,2013052909,445.0
1402,2013052910,552.0
1403,2013052911,633.0
1404,2013052912,728.0
1405,2013052913,651.0
1406,2013052914,751.0
1407,2013052915,759.0
1408,2013052916,751.0
1409,2013052917,707.0
1410,2013052918,764.0
1411,2013052919,798.0
1412,2013052920,770.0
1413,2013052921,740.0
1414,2013052922,669.0
1415,2013052923,643.0
1416,2013053000,629.0
1417,2013053001,543.0
1418,2013053002,476.0
1419,2013053003,376.0
1420,2013053004,302.0
1421,2013053005,299.0
1422,2013053006,304.0
1423,2013053007,360.0
1424,2013053008,368.0
1425,2013053009,429.0
1426,2013053010,530.0
1427,2013053011,613.0
1428,2013053012,728.0
1429,2013053013,628.0
1430,2013053014,710.0
1431,2013053015,749.0
1432,2013053016,707.0
1433,2013053017,668.0
1434,2013053018,760.0
1435,2013053019,780.0
1436,2013053020,766.0
1437,2013053021,700.0
1438,2013053022,642.0
1439,2013053023,616.0
1440,2013053100,606.0
1441,2013053101,518.0
1442,2013053102,459.0
1443,2013053103,363.0
1444,2013053104,277.0
1445,2013053105,284.0
1446,2013053106,275.0
1447,2013053107,329.0
1448,2013053108,349.0
1449,2013053109,414.0
1450,2013053110,482.0
1451,2013053111,581.0
1452,2013053112,659.0
1453,2013053113,585.0
1454,2013053114,667.0
1455,2013053115,672.0
1456,2013053116,657.0
1457,2013053117,602.0
1458,2013053118,660.0
1459,2013053119,685.0
1460,2013053120,659.0
1461,2013053121,604.0
1462,2013053122,556.0
1463,2013053123,536.0
1464,2013060100,523.0
1465,2013060101,455.0
1466,2013060102,380.0
1467,2013060103,307.0
1468,2013060104,245.0
1469,2013060105,192.0
1470,2013060106,186.0
1471,2013060107,211.0
1472,2013060108,234.0
1473,2013060109,256.0
1474,2013060110,315.0
1475,2013060111,349.0
1476,2013060112,378.0
1477,2013060113,349.0
1478,2013060114,347.0
1479,2013060115,353.0
1480,2013060116,360.0
1481,2013060117,358.0
1482,2013060118,380.0
1483,2013060119,424.0
1484,2013060120,399.0
1485,2013060121,404.0
1486,2013060122,402.0
1487,2013060123,416.0
1488,2013060200,399.0
1489,2013060201,330.0
1490,2013060202,275.0
1491,2013060203,237.0
1492,2013060204,209.0
1493,2013060205,184.0
1494,2013060206,179.0
1495,2013060207,207.0
1496,2013060208,246.0
1497,2013060209,265.0
1498,2013060210,301.0
1499,2013060211,341.0
1500,2013060212,373.0
1501,2013060213,355.0
1502,2013060214,361.0
1503,2013060215,361.0
1504,2013060216,368.0
1505,2013060217,401.0
1506,2013060218,432.0
1507,2013060219,446.0
1508,2013060220,436.0
1509,2013060221,421.0
1510,2013060222,434.0
1511,2013060223,448.0
1512,2013060300,435.0
1513,2013060301,369.0
1514,2013060302,323.0
1515,2013060303,273.0
1516,2013060304,259.0
1517,2013060305,227.0
1518,2013060306,250.0
1519,2013060307,320.0
1520,2013060308,366.0
1521,2013060309,399.0
1522,2013060310,487.0
1523,2013060311,620.0
1524,2013060312,714.0
1525,2013060313,670.0
1526,2013060314,777.0
1527,2013060315,808.0
1528,2013060316,745.0
1529,2013060317,726.0
1530,2013060318,760.0
1531,2013060319,806.0
1532,2013060320,758.0
1533,2013060321,737.0
1534,2013060322,671.0
1535,2013060323,635.0
1536,2013060400,625.0
1537,2013060401,544.0
1538,2013060402,468.0
1539,2013060403,394.0
1540,2013060404,318.0
1541,2013060405,279.0
1542,2013060406,299.0
1543,2013060407,365.0
1544,2013060408,401.0
1545,2013060409,422.0
1546,2013060410,522.0
1547,2013060411,639.0
1548,2013060412,747.0
1549,2013060413,681.0
1550,2013060414,803.0
1551,2013060415,811.0
1552,2013060416,743.0
1553,2013060417,735.0
1554,2013060418,784.0
1555,2013060419,830.0
1556,2013060420,792.0
1557,2013060421,738.0
1558,2013060422,667.0
1559,2013060423,643.0
1560,2013060500,645.0
1561,2013060501,557.0
1562,2013060502,477.0
1563,2013060503,398.0
1564,2013060504,324.0
1565,2013060505,270.0
1566,2013060506,294.0
1567,2013060507,354.0
1568,2013060508,387.0
1569,2013060509,417.0
1570,2013060510,517.0
1571,2013060511,632.0
1572,2013060512,710.0
1573,2013060513,685.0
1574,2013060514,786.0
1575,2013060515,789.0
1576,2013060516,730.0
1577,2013060517,718.0
1578,2013060518,755.0
1579,2013060519,797.0
1580,2013060520,775.0
1581,2013060521,734.0
1582,2013060522,666.0
1583,2013060523,649.0
1584,2013060600,625.0
1585,2013060601,549.0
1586,2013060602,465.0
1587,2013060603,379.0
1588,2013060604,321.0
1589,2013060605,274.0
1590,2013060606,278.0
1591,2013060607,348.0
1592,2013060608,374.0
1593,2013060609,402.0
1594,2013060610,497.0
1595,2013060611,613.0
1596,2013060612,711.0
1597,2013060613,661.0
1598,2013060614,743.0
1599,2013060615,779.0
1600,2013060616,687.0
1601,2013060617,679.0
1602,2013060618,751.0
1603,2013060619,779.0
1604,2013060620,772.0
1605,2013060621,694.0
1606,2013060622,639.0
1607,2013060623,622.0
1608,2013060700,602.0
1609,2013060701,525.0
1610,2013060702,448.0
1611,2013060703,366.0
1612,2013060704,294.0
1613,2013060705,259.0
1614,2013060706,252.0
1615,2013060707,317.0
1616,2013060708,355.0
1617,2013060709,388.0
1618,2013060710,452.0
1619,2013060711,581.0
1620,2013060712,643.0
1621,2013060713,616.0
1622,2013060714,698.0
1623,2013060715,699.0
1624,2013060716,638.0
1625,2013060717,611.0
1626,2013060718,652.0
1627,2013060719,684.0
1628,2013060720,663.0
1629,2013060721,599.0
1630,2013060722,554.0
1631,2013060723,541.0
1632,2013060800,523.0
1633,2013060801,455.0
1634,2013060802,380.0
1635,2013060803,307.0
1636,2013060804,245.0
1637,2013060805,192.0
1638,2013060806,186.0
1639,2013060807,211.0
1640,2013060808,234.0
1641,2013060809,256.0
1642,2013060810,315.0
1643,2013060811,349.0
1644,2013060812,378.0
1645,2013060813,349.0
1646,2013060814,347.0
1647,2013060815,353.0
1648,2013060816,360.0
1649,2013060817,358.0
1650,2013060818,380.0
1651,2013060819,424.0
1652,2013060820,399.0
1653,2013060821,404.0
1654,2013060822,402.0
1655,2013060823,416.0
1656,2013060900,399.0
1657,2013060901,330.0
1658,2013060902,275.0
1659,2013060903,237.0
1660,2013060904,209.0
1661,2013060905,184.0
1662,2013060906,179.0
1663,2013060907,207.0
1664,2013060908,246.0
1665,2013060909,265.0
1666,2013060910,301.0
1667,2013060911,341.0
1668,2013060912,373.0
1669,2013060913,355.0
1670,2013060914,361.0
1671,2013060915,361.0
1672,2013060916,368.0
1673,2013060917,401.0
1674,2013060918,432.0
1675,2013060919,446.0
1676,2013060920,436.0
1677,2013060921,421.0
1678,2013060922,434.0
1679,2013060923,448.0
1680,2013061000,435.0
1681,2013061001,369.0
1682,2013061002,323.0
1683,2013061003,273.0
1684,2013061004,259.0
1685,2013061005,227.0
1686,2013061006,250.0
1687,2013061007,320.0
1688,2013061008,366.0
1689,2013061009,399.0
1690,2013061010,487.0
1691,2013061011,620.0
1692,2013061012,714.0
1693,2013061013,670.0
1694,2013061014,777.0
1695,2013061015,808.0
1696,2013061016,745.0
1697,2013061017,726.0
1698,2013061018,760.0
1699,2013061019,806.0
1700,2013061020,758.0
1701,2013061021,737.0
1702,2013061022,671.0
1703,2013061023,635.0
1704,2013061100,625.0
1705,2013061101,544.0
1706,2013061102,468.0
1707,2013061103,394.0
1708,2013061104,318.0
1709,2013061105,279.0
1710,2013061106,299.0
1711,2013061107,365.0
1712,2013061108,401.0
1713,2013061109,422.0
1714,2013061110,522.0
1715,2013061111,639.0
1716,2013061112,747.0
1717,2013061113,681.0
1718,2013061114,803.0
1719,2013061115,811.0
1720,2013061116,743.0
1721,2013061117,735.0
1722,2013061118,784.0
1723,2013061119,830.0
1724,2013061120,792.0
1725,2013061121,738.0
1726,2013061122,667.0
1727,2013061123,643.0
1728,2013061200,645.0
1729,2013061201,557.0
1730,2013061202,477.0
1731,2013061203,398.0
1732,2013061204,324.0
1733,2013061205,270.0
1734,2013061206,294.0
1735,2013061207,354.0
1736,2013061208,387.0
1737,2013061209,417.0
1738,2013061210,517.0
1739,2013061211,632.0
1740,2013061212,710.0
1741,2013061213,685.0
1742,2013061214,786.0
1743,2013061215,789.0
1744,2013061216,730.0
1745,2013061217,718.0
1746,2013061218,755.0
1747,2013061219,797.0
1748,2013061220,775.0
1749,2013061221,734.0
1750,2013061222,666.0
1751,2013061223,649.0
1752,2013061300,625.0
1753,2013061301,549.0
1754,2013061302,465.0
1755,2013061303,379.0
1756,2013061304,321.0
1757,2013061305,274.0
1758,2013061306,278.0
1759,2013061307,348.0
1760,2013061308,374.0
1761,2013061309,402.0
1762,2013061310,497.0
1763,2013061311,613.0
1764,2013061312,711.0
1765,2013061313,661.0
1766,2013061314,743.0
1767,2013061315,779.0
1768,2013061316,687.0
1769,2013061317,679.0
1770,2013061318,751.0
1771,2013061319,779.0
1772,2013061320,772.0
1773,2013061321,694.0
1774,2013061322,639.0
1775,2013061323,622.0
1776,2013061400,602.0
1777,2013061401,525.0
1778,2013061402,448.0
1779,2013061403,366.0
1780,2013061404,294.0
1781,2013061405,259.0
1782,2013061406,252.0
1783,2013061407,317.0
1784,2013061408,355.0
1785,2013061409,388.0
1786,2013061410,452.0
1787,2013061411,581.0
1788,2013061412,643.0
1789,2013061413,616.0
1790,2013061414,698.0
1791,2013061415,699.0
1792,2013061416,638.0
1793,2013061417,611.0
1794,2013061418,652.0
1795,2013061419,684.0
1796,2013061420,663.0
1797,2013061421,599.0
1798,2013061422,554.0
1799,2013061423,541.0
1800,2013061500,523.0
1801,2013061501,455.0
1802,2013061502,380.0
1803,2013061503,307.0
1804,2013061504,245.0
1805,2013061505,192.0
1806,2013061506,186.0
1807,2013061507,211.0
1808,2013061508,234.0
1809,2013061509,256.0
1810,2013061510,315.0
1811,2013061511,349.0
1812,2013061512,378.0
1813,2013061513,349.0
1814,2013061514,347.0
1815,2013061515,353.0
1816,2013061516,360.0
1817,2013061517,358.0
1818,2013061518,380.0
1819,2013061519,424.0
1820,2013061520,399.0
1821,2013061521,404.0
1822,2013061522,402.0
1823,2013061523,416.0
1824,2013061600,399.0
1825,2013061601,330.0
1826,2013061602,275.0
1827,2013061603,237.0
1828,2013061604,209.0
1829,2013061605,184.0
1830,2013061606,179.0
1831,2013061607,207.0
1832,2013061608,246.0
1833,2013061609,265.0
1834,2013061610,301.0
1835,2013061611,341.0
1836,2013061612,373.0
1837,2013061613,355.0
1838,2013061614,361.0
1839,2013061615,361.0
1840,2013061616,368.0
1841,2013061617,401.0
1842,2013061618,432.0
1843,2013061619,446.0
1844,2013061620,436.0
1845,2013061621,421.0
1846,2013061622,434.0
1847,2013061623,448.0
1848,2013061700,435.0
1849,2013061701,369.0
1850,2013061702,323.0
1851,2013061703,273.0
1852,2013061704,259.0
1853,2013061705,227.0
1854,2013061706,250.0
1855,2013061707,320.0
1856,2013061708,366.0
1857,2013061709,399.0
1858,2013061710,487.0
1859,2013061711,620.0
1860,2013061712,714.0
1861,2013061713,670.0
1862,2013061714,777.0
1863,2013061715,808.0
1864,2013061716,745.0
1865,2013061717,726.0
1866,2013061718,760.0
1867,2013061719,806.0
1868,2013061720,758.0
1869,2013061721,737.0
1870,2013061722,671.0
1871,2013061723,635.0
1872,2013061800,625.0
1873,2013061801,544.0
1874,2013061802,468.0
1875,2013061803,394.0
1876,2013061804,318.0
1877,2013061805,279.0
1878,2013061806,299.0
1879,2013061807,365.0
1880,2013061808,401.0
1881,2013061809,422.0
1882,2013061810,522.0
1883,2013061811,639.0
1884,2013061812,747.0
1885,2013061813,681.0
1886,2013061814,803.0
1887,2013061815,811.0
1888,2013061816,743.0
1889,2013061817,735.0
1890,2013061818,784.0
1891,2013061819,830.0
1892,2013061820,792.0
1893,2013061821,738.0
1894,2013061822,667.0
1895,2013061823,643.0
1896,2013061900,645.0
1897,2013061901,557.0
1898,2013061902,477.0
1899,2013061903,398.0
1900,2013061904,324.0
1901,2013061905,270.0
1902,2013061906,294.0
1903,2013061907,354.0
1904,2013061908,387.0
1905,2013061909,417.0
1906,2013061910,517.0
1907,2013061911,632.0
1908,2013061912,710.0
1909,2013061913,685.0
1910,2013061914,786.0
1911,2013061915,789.0
1912,2013061916,730.0
1913,2013061917,718.0
1914,2013061918,755.0
1915,2013061919,797.0
1916,2013061920,775.0
1917,2013061921,734.0
1918,2013061922,666.0
1919,2013061923,649.0
1920,2013062000,625.0
1921,2013062001,549.0
1922,2013062002,465.0
1923,2013062003,379.0
1924,2013062004,321.0
1925,2013062005,274.0
1926,2013062006,278.0
1927,2013062007,348.0
1928,2013062008,374.0
1929,2013062009,402.0
1930,2013062010,497.0
1931,2013062011,613.0
1932,2013062012,711.0
1933,2013062013,661.0
1934,2013062014,743.0
1935,2013062015,779.0
1936,2013062016,687.0
1937,2013062017,679.0
1938,2013062018,751.0
1939,2013062019,779.0
1940,2013062020,772.0
1941,2013062021,694.0
1942,2013062022,639.0
1943,2013062023,622.0
1944,2013062100,602.0
1945,2013062101,525.0
1946,2013062102,448.0
1947,2013062103,366.0
1948,2013062104,294.0
1949,2013062105,259.0
1950,2013062106,252.0
1951,2013062107,317.0
1952,2013062108,355.0
1953,2013062109,388.0
1954,2013062110,452.0
1955,2013062111,581.0
1956,2013062112,643.0
1957,2013062113,616.0
1958,2013062114,698.0
1959,2013062115,699.0
1960,2013062116,638.0
1961,2013062117,611.0
1962,2013062118,652.0
1963,2013062119,684.0
1964,2013062120,663.0
1965,2013062121,599.0
1966,2013062122,554.0
1967,2013062123,541.0
1968,2013062200,523.0
1969,2013062201,455.0
1970,2013062202,380.0
1971,2013062203,307.0
1972,2013062204,245.0
1973,2013062205,192.0
1974,2013062206,186.0
1975,2013062207,211.0
1976,2013062208,234.0
1977,2013062209,256.0
1978,2013062210,315.0
1979,2013062211,349.0
1980,2013062212,378.0
1981,2013062213,349.0
1982,2013062214,347.0
1983,2013062215,353.0
1984,2013062216,360.0
1985,2013062217,358.0
1986,2013062218,380.0
1987,2013062219,424.0
1988,2013062220,399.0
1989,2013062221,404.0
1990,2013062222,402.0
1991,2013062223,416.0
1992,2013062300,399.0
1993,2013062301,330.0
1994,2013062302,275.0
1995,2013062303,237.0
1996,2013062304,209.0
1997,2013062305,184.0
1998,2013062306,179.0
1999,2013062307,207.0
2000,2013062308,246.0
2001,2013062309,265.0
2002,2013062310,301.0
2003,2013062311,341.0
2004,2013062312,373.0
2005,2013062313,355.0
2006,2013062314,361.0
2007,2013062315,361.0
2008,2013062316,368.0
2009,2013062317,401.0
2010,2013062318,432.0
2011,2013062319,446.0
2012,2013062320,436.0
2013,2013062321,421.0
2014,2013062322,434.0
2015,2013062323,448.0
2016,2013062400,435.0
2017,2013062401,369.0
2018,2013062402,323.0
2019,2013062403,273.0
2020,2013062404,259.0
2021,2013062405,227.0
2022,2013062406,250.0
2023,2013062407,320.0
2024,2013062408,366.0
2025,2013062409,399.0
2026,2013062410,487.0
2027,2013062411,620.0
2028,2013062412,714.0
2029,2013062413,670.0
2030,2013062414,777.0
2031,2013062415,808.0
2032,2013062416,745.0
2033,2013062417,726.0
2034,2013062418,760.0
2035,2013062419,806.0
2036,2013062420,758.0
2037,2013062421,737.0
2038,2013062422,671.0
2039,2013062423,635.0
2040,2013062500,625.0
2041,2013062501,544.0
2042,2013062502,468.0
2043,2013062503,394.0
2044,2013062504,318.0
2045,2013062505,279.0
2046,2013062506,299.0
2047,2013062507,365.0
2048,2013062508,401.0
2049,2013062509,422.0
2050,2013062510,522.0
2051,2013062511,639.0
2052,2013062512,747.0
2053,2013062513,681.0
2054,2013062514,803.0
2055,2013062515,811.0
2056,2013062516,743.0
2057,2013062517,735.0
2058,2013062518,784.0
2059,2013062519,830.0
2060,2013062520,792.0
2061,2013062521,738.0
2062,2013062522,667.0
2063,2013062523,643.0
2064,2013062600,645.0
2065,2013062601,557.0
2066,2013062602,477.0
2067,2013062603,398.0
2068,2013062604,324.0
2069,2013062605,270.0
2070,2013062606,294.0
2071,2013062607,354.0
2072,2013062608,387.0
2073,2013062609,417.0
2074,2013062610,517.0
2075,2013062611,632.0
2076,2013062612,710.0
2077,2013062613,685.0
2078,2013062614,786.0
2079,2013062615,789.0
2080,2013062616,730.0
2081,2013062617,718.0
2082,2013062618,755.0
2083,2013062619,797.0
2084,2013062620,775.0
2085,2013062621,734.0
2086,2013062622,666.0
2087,2013062623,649.0
2088,2013062700,625.0
2089,2013062701,549.0
2090,2013062702,465.0
2091,2013062703,379.0
2092,2013062704,321.0
2093,2013062705,274.0
2094,2013062706,278.0
2095,2013062707,348.0
2096,2013062708,374.0
2097,2013062709,402.0
2098,2013062710,497.0
2099,2013062711,613.0
2100,2013062712,711.0
2101,2013062713,661.0
2102,2013062714,743.0
2103,2013062715,779.0
2104,2013062716,687.0
2105,2013062717,679.0
2106,2013062718,751.0
2107,2013062719,779.0
2108,2013062720,772.0
2109,2013062721,694.0
2110,2013062722,639.0
2111,2013062723,622.0
2112,2013062800,602.0
2113,2013062801,525.0
2114,2013062802,448.0
2115,2013062803,366.0
2116,2013062804,294.0
2117,2013062805,259.0
2118,2013062806,252.0
2119,2013062807,317.0
2120,2013062808,355.0
2121,2013062809,388.0
2122,2013062810,452.0
2123,2013062811,581.0
2124,2013062812,643.0
2125,2013062813,616.0
2126,2013062814,698.0
2127,2013062815,699.0
2128,2013062816,638.0
2129,2013062817,611.0
2130,2013062818,652.0
2131,2013062819,684.0
2132,2013062820,663.0
2133,2013062821,599.0
2134,2013062822,554.0
2135,2013062823,541.0
2136,2013062900,523.0
2137,2013062901,455.0
2138,2013062902,380.0
2139,2013062903,307.0
2140,2013062904,245.0
2141,2013062905,192.0
2142,2013062906,186.0
2143,2013062907,211.0
2144,2013062908,234.0
2145,2013062909,256.0
2146,2013062910,315.0
2147,2013062911,349.0
2148,2013062912,378.0
2149,2013062913,349.0
2150,2013062914,347.0
2151,2013062915,353.0
2152,2013062916,360.0
2153,2013062917,358.0
2154,2013062918,380.0
2155,2013062919,424.0
2156,2013062920,399.0
2157,2013062921,404.0
2158,2013062922,402.0
2159,2013062923,416.0
2160,2013063000,399.0
2161,2013063001,330.0
2162,2013063002,275.0
2163,2013063003,237.0
2164,2013063004,209.0
2165,2013063005,184.0
2166,2013063006,179.0
2167,2013063007,207.0
2168,2013063008,246.0
2169,2013063009,265.0
2170,2013063010,301.0
2171,2013063011,341.0
2172,2013063012,373.0
2173,2013063013,355.0
2174,2013063014,361.0
2175,2013063015,361.0
2176,2013063016,368.0
2177,2013063017,401.0
2178,2013063018,432.0
2179,2013063019,446.0
2180,2013063020,436.0
2181,2013063021,421.0
2182,2013063022,434.0
2183,2013063023,448.0
2184,2013070100,444.0
2185,2013070101,365.0
2186,2013070102,324.0
2187,2013070103,278.0
2188,2013070104,250.0
2189,2013070105,226.0
2190,2013070106,272.0
2191,2013070107,305.0
2192,2013070108,367.0
2193,2013070109,403.0
2194,2013070110,486.0
2195,2013070111,623.0
2196,2013070112,694.0
2197,2013070113,658.0
2198,2013070114,744.0
2199,2013070115,728.0
2200,2013070116,744.0
2201,2013070117,758.0
2202,2013070118,761.0
2203,2013070119,830.0
2204,2013070120,820.0
2205,2013070121,720.0
2206,2013070122,680.0
2207,2013070123,689.0
2208,2013070200,637.0
2209,2013070201,538.0
2210,2013070202,469.0
2211,2013070203,402.0
2212,2013070204,307.0
2213,2013070205,277.0
2214,2013070206,325.0
2215,2013070207,347.0
2216,2013070208,402.0
2217,2013070209,426.0
2218,2013070210,521.0
2219,2013070211,642.0
2220,2013070212,725.0
2221,2013070213,669.0
2222,2013070214,769.0
2223,2013070215,731.0
2224,2013070216,742.0
2225,2013070217,767.0
2226,2013070218,785.0
2227,2013070219,856.0
2228,2013070220,857.0
2229,2013070221,721.0
2230,2013070222,676.0
2231,2013070223,697.0
2232,2013070300,658.0
2233,2013070301,551.0
2234,2013070302,479.0
2235,2013070303,405.0
2236,2013070304,313.0
2237,2013070305,268.0
2238,2013070306,320.0
2239,2013070307,337.0
2240,2013070308,388.0
2241,2013070309,422.0
2242,2013070310,516.0
2243,2013070311,635.0
2244,2013070312,690.0
2245,2013070313,673.0
2246,2013070314,753.0
2247,2013070315,711.0
2248,2013070316,729.0
2249,2013070317,750.0
2250,2013070318,757.0
2251,2013070319,821.0
2252,2013070320,838.0
2253,2013070321,717.0
2254,2013070322,675.0
2255,2013070323,704.0
2256,2013070400,637.0
2257,2013070401,543.0
2258,2013070402,466.0
2259,2013070403,386.0
2260,2013070404,310.0
2261,2013070405,272.0
2262,2013070406,303.0
2263,2013070407,331.0
2264,2013070408,375.0
2265,2013070409,406.0
2266,2013070410,496.0
2267,2013070411,615.0
2268,2013070412,690.0
2269,2013070413,649.0
2270,2013070414,712.0
2271,2013070415,702.0
2272,2013070416,686.0
2273,2013070417,709.0
2274,2013070418,752.0
2275,2013070419,803.0
2276,2013070420,835.0
2277,2013070421,678.0
2278,2013070422,647.0
2279,2013070423,674.0
2280,2013070500,614.0
2281,2013070501,519.0
2282,2013070502,449.0
2283,2013070503,372.0
2284,2013070504,284.0
2285,2013070505,258.0
2286,2013070506,275.0
2287,2013070507,302.0
2288,2013070508,355.0
2289,2013070509,392.0
2290,2013070510,450.0
2291,2013070511,583.0
2292,2013070512,625.0
2293,2013070513,605.0
2294,2013070514,669.0
2295,2013070515,630.0
2296,2013070516,637.0
2297,2013070517,639.0
2298,2013070518,653.0
2299,2013070519,705.0
2300,2013070520,718.0
2301,2013070521,585.0
2302,2013070522,561.0
2303,2013070523,587.0
2304,2013070600,534.0
2305,2013070601,449.0
2306,2013070602,381.0
2307,2013070603,313.0
2308,2013070604,236.0
2309,2013070605,191.0
2310,2013070606,203.0
2311,2013070607,201.0
2312,2013070608,235.0
2313,2013070609,259.0
2314,2013070610,314.0
2315,2013070611,351.0
2316,2013070612,366.0
2317,2013070613,343.0
2318,2013070614,332.0
2319,2013070615,317.0
2320,2013070616,360.0
2321,2013070617,374.0
2322,2013070618,381.0
2323,2013070619,438.0
2324,2013070620,433.0
2325,2013070621,394.0
2326,2013070622,407.0
2327,2013070623,452.0
2328,2013070700,407.0
2329,2013070701,327.0
2330,2013070702,276.0
2331,2013070703,242.0
2332,2013070704,201.0
2333,2013070705,183.0
2334,2013070706,196.0
2335,2013070707,197.0
2336,2013070708,246.0
2337,2013070709,268.0
2338,2013070710,300.0
2339,2013070711,342.0
2340,2013070712,362.0
2341,2013070713,349.0
2342,2013070714,345.0
2343,2013070715,324.0
2344,2013070716,367.0
2345,2013070717,419.0
2346,2013070718,432.0
2347,2013070719,460.0
2348,2013070720,472.0
2349,2013070721,411.0
2350,2013070722,440.0
2351,2013070723,487.0
2352,2013070800,444.0
2353,2013070801,365.0
2354,2013070802,324.0
2355,2013070803,278.0
2356,2013070804,250.0
2357,2013070805,226.0
2358,2013070806,272.0
2359,2013070807,305.0
2360,2013070808,367.0
2361,2013070809,403.0
2362,2013070810,486.0
2363,2013070811,623.0
2364,2013070812,694.0
2365,2013070813,658.0
2366,2013070814,744.0
2367,2013070815,728.0
2368,2013070816,744.0
2369,2013070817,758.0
2370,2013070818,761.0
2371,2013070819,830.0
2372,2013070820,820.0
2373,2013070821,720.0
2374,2013070822,680.0
2375,2013070823,689.0
2376,2013070900,637.0
2377,2013070901,538.0
2378,2013070902,469.0
2379,2013070903,402.0
2380,2013070904,307.0
2381,2013070905,277.0
2382,2013070906,325.0
2383,2013070907,347.0
2384,2013070908,402.0
2385,2013070909,426.0
2386,2013070910,521.0
2387,2013070911,642.0
2388,2013070912,725.0
2389,2013070913,669.0
2390,2013070914,769.0
2391,2013070915,731.0
2392,2013070916,742.0
2393,2013070917,767.0
2394,2013070918,785.0
2395,2013070919,856.0
2396,2013070920,857.0
2397,2013070921,721.0
2398,2013070922,676.0
2399,2013070923,697.0
2400,2013071000,658.0
2401,2013071001,551.0
2402,2013071002,479.0
2403,2013071003,405.0
2404,2013071004,313.0
2405,2013071005,268.0
2406,2013071006,320.0
2407,2013071007,337.0
2408,2013071008,388.0
2409,2013071009,422.0
2410,2013071010,516.0
2411,2013071011,635.0
2412,2013071012,690.0
2413,2013071013,673.0
2414,2013071014,753.0
2415,2013071015,711.0
2416,2013071016,729.0
2417,2013071017,750.0
2418,2013071018,757.0
2419,2013071019,821.0
2420,2013071020,838.0
2421,2013071021,717.0
2422,2013071022,675.0
2423,2013071023,704.0
2424,2013071100,637.0
2425,2013071101,543.0
2426,2013071102,466.0
2427,2013071103,386.0
2428,2013071104,310.0
2429,2013071105,272.0
2430,2013071106,303.0
2431,2013071107,331.0
2432,2013071108,375.0
2433,2013071109,406.0
2434,2013071110,496.0
2435,2013071111,615.0
2436,2013071112,690.0
2437,2013071113,649.0
2438,2013071114,712.0
2439,2013071115,702.0
2440,2013071116,686.0
2441,2013071117,709.0
2442,2013071118,752.0
2443,2013071119,803.0
2444,2013071120,835.0
2445,2013071121,678.0
2446,2013071122,647.0
2447,2013071123,674.0
2448,2013071200,614.0
2449,2013071201,519.0
2450,2013071202,449.0
2451,2013071203,372.0
2452,2013071204,284.0
2453,2013071205,258.0
2454,2013071206,275.0
2455,2013071207,302.0
2456,2013071208,355.0
2457,2013071209,392.0
2458,2013071210,450.0
2459,2013071211,583.0
2460,2013071212,625.0
2461,2013071213,605.0
2462,2013071214,669.0
2463,2013071215,630.0
2464,2013071216,637.0
2465,2013071217,639.0
2466,2013071218,653.0
2467,2013071219,705.0
2468,2013071220,718.0
2469,2013071221,585.0
2470,2013071222,561.0
2471,2013071223,587.0
2472,2013071300,534.0
2473,2013071301,449.0
2474,2013071302,381.0
2475,2013071303,313.0
2476,2013071304,236.0
2477,2013071305,191.0
2478,2013071306,203.0
2479,2013071307,201.0
2480,2013071308,235.0
2481,2013071309,259.0
2482,2013071310,314.0
2483,2013071311,351.0
2484,2013071312,366.0
2485,2013071313,343.0
2486,2013071314,332.0
2487,2013071315,317.0
2488,2013071316,360.0
2489,2013071317,374.0
2490,2013071318,381.0
2491,2013071319,438.0
2492,2013071320,433.0
2493,2013071321,394.0
2494,2013071322,407.0
2495,2013071323,452.0
2496,2013071400,407.0
2497,2013071401,327.0
2498,2013071402,276.0
2499,2013071403,242.0
2500,2013071404,201.0
2501,2013071405,183.0
2502,2013071406,196.0
2503,2013071407,197.0
2504,2013071408,246.0
2505,2013071409,268.0
2506,2013071410,300.0
2507,2013071411,342.0
2508,2013071412,362.0
2509,2013071413,349.0
2510,2013071414,345.0
2511,2013071415,324.0
2512,2013071416,367.0
2513,2013071417,419.0
2514,2013071418,432.0
2515,2013071419,460.0
2516,2013071420,472.0
2517,2013071421,411.0
2518,2013071422,440.0
2519,2013071423,487.0
2520,2013071500,444.0
2521,2013071501,365.0
2522,2013071502,324.0
2523,2013071503,278.0
2524,2013071504,250.0
2525,2013071505,226.0
2526,2013071506,272.0
2527,2013071507,305.0
2528,2013071508,367.0
2529,2013071509,403.0
2530,2013071510,486.0
2531,2013071511,623.0
2532,2013071512,694.0
2533,2013071513,658.0
2534,2013071514,744.0
2535,2013071515,728.0
2536,2013071516,744.0
2537,2013071517,758.0
2538,2013071518,761.0
2539,2013071519,830.0
2540,2013071520,820.0
2541,2013071521,720.0
2542,2013071522,680.0
2543,2013071523,689.0
2544,2013071600,637.0
2545,2013071601,538.0
2546,2013071602,469.0
2547,2013071603,402.0
2548,2013071604,307.0
2549,2013071605,277.0
2550,2013071606,325.0
2551,2013071607,347.0
2552,2013071608,402.0
2553,2013071609,426.0
2554,2013071610,521.0
2555,2013071611,642.0
2556,2013071612,725.0
2557,2013071613,669.0
2558,2013071614,769.0
2559,2013071615,731.0
2560,2013071616,742.0
2561,2013071617,767.0
2562,2013071618,785.0
2563,2013071619,856.0
2564,2013071620,857.0
2565,2013071621,721.0
2566,2013071622,676.0
2567,2013071623,697.0
2568,2013071700,658.0
2569,2013071701,551.0
2570,2013071702,479.0
2571,2013071703,405.0
2572,2013071704,313.0
2573,2013071705,268.0
2574,2013071706,320.0
2575,2013071707,337.0
2576,2013071708,388.0
2577,2013071709,422.0
2578,2013071710,516.0
2579,2013071711,635.0
2580,2013071712,690.0
2581,2013071713,673.0
2582,2013071714,753.0
2583,2013071715,711.0
2584,2013071716,729.0
2585,2013071717,750.0
2586,2013071718,757.0
2587,2013071719,821.0
2588,2013071720,838.0
2589,2013071721,717.0
2590,2013071722,675.0
2591,2013071723,704.0
2592,2013071800,637.0
2593,2013071801,543.0
2594,2013071802,466.0
2595,2013071803,386.0
2596,2013071804,310.0
2597,2013071805,272.0
2598,2013071806,303.0
2599,2013071807,331.0
2600,2013071808,375.0
2601,2013071809,406.0
2602,2013071810,496.0
2603,2013071811,615.0
2604,2013071812,690.0
2605,2013071813,649.0
2606,2013071814,712.0
2607,2013071815,702.0
2608,2013071816,686.0
2609,2013071817,709.0
2610,2013071818,752.0
2611,2013071819,803.0
2612,2013071820,835.0
2613,2013071821,678.0
2614,2013071822,647.0
2615,2013071823,674.0
2616,2013071900,614.0
2617,2013071901,519.0
2618,2013071902,449.0
2619,2013071903,372.0
2620,2013071904,284.0
2621,2013071905,258.0
2622,2013071906,275.0
2623,2013071907,302.0
2624,2013071908,355.0
2625,2013071909,392.0
2626,2013071910,450.0
2627,2013071911,583.0
2628,2013071912,625.0
2629,2013071913,605.0
2630,2013071914,669.0
2631,2013071915,630.0
2632,2013071916,637.0
2633,2013071917,639.0
2634,2013071918,653.0
2635,2013071919,705.0
2636,2013071920,718.0
2637,2013071921,585.0
2638,2013071922,561.0
2639,2013071923,587.0
2640,2013072000,534.0
2641,2013072001,449.0
2642,2013072002,381.0
2643,2013072003,313.0
2644,2013072004,236.0
2645,2013072005,191.0
2646,2013072006,203.0
2647,2013072007,201.0
2648,2013072008,235.0
2649,2013072009,259.0
2650,2013072010,314.0
2651,2013072011,351.0
2652,2013072012,366.0
2653,2013072013,343.0
2654,2013072014,332.0
2655,2013072015,317.0
2656,2013072016,360.0
2657,2013072017,374.0
2658,2013072018,381.0
2659,2013072019,438.0
2660,2013072020,433.0
2661,2013072021,394.0
2662,2013072022,407.0
2663,2013072023,452.0
2664,2013072100,407.0
2665,2013072101,327.0
2666,2013072102,276.0
2667,2013072103,242.0
2668,2013072104,201.0
2669,2013072105,183.0
2670,2013072106,196.0
2671,2013072107,197.0
2672,2013072108,246.0
2673,2013072109,268.0
2674,2013072110,300.0
2675,2013072111,342.0
2676,2013072112,362.0
2677,2013072113,349.0
2678,2013072114,345.0
2679,2013072115,324.0
2680,2013072116,367.0
2681,2013072117,419.0
2682,2013072118,432.0
2683,2013072119,460.0
2684,2013072120,472.0
2685,2013072121,411.0
2686,2013072122,440.0
2687,2013072123,487.0
2688,2013072200,444.0
2689,2013072201,365.0
2690,2013072202,324.0
2691,2013072203,278.0
2692,2013072204,250.0
2693,2013072205,226.0
2694,2013072206,272.0
2695,2013072207,305.0
2696,2013072208,367.0
2697,2013072209,403.0
2698,2013072210,486.0
2699,2013072211,623.0
2700,2013072212,694.0
2701,2013072213,658.0
2702,2013072214,744.0
2703,2013072215,728.0
2704,2013072216,744.0
2705,2013072217,758.0
2706,2013072218,761.0
2707,2013072219,830.0
2708,2013072220,820.0
2709,2013072221,720.0
2710,2013072222,680.0
2711,2013072223,689.0
2712,2013072300,637.0
2713,2013072301,538.0
2714,2013072302,469.0
2715,2013072303,402.0
2716,2013072304,307.0
2717,2013072305,277.0
2718,2013072306,325.0
2719,2013072307,347.0
2720,2013072308,402.0
2721,2013072309,426.0
2722,2013072310,521.0
2723,2013072311,642.0
2724,2013072312,725.0
2725,2013072313,669.0
2726,2013072314,769.0
2727,2013072315,731.0
2728,2013072316,742.0
2729,2013072317,767.0
2730,2013072318,785.0
2731,2013072319,856.0
2732,2013072320,857.0
2733,2013072321,721.0
2734,2013072322,676.0
2735,2013072323,697.0
2736,2013072400,658.0
2737,2013072401,551.0
2738,2013072402,479.0
2739,2013072403,405.0
2740,2013072404,313.0
2741,2013072405,268.0
2742,2013072406,320.0
2743,2013072407,337.0
2744,2013072408,388.0
2745,2013072409,422.0
2746,2013072410,516.0
2747,2013072411,635.0
2748,2013072412,690.0
2749,2013072413,673.0
2750,2013072414,753.0
2751,2013072415,711.0
2752,2013072416,729.0
2753,2013072417,750.0
2754,2013072418,757.0
2755,2013072419,821.0
2756,2013072420,838.0
2757,2013072421,717.0
2758,2013072422,675.0
2759,2013072423,704.0
2760,2013072500,637.0
2761,2013072501,543.0
2762,2013072502,466.0
2763,2013072503,386.0
2764,2013072504,310.0
2765,2013072505,272.0
2766,2013072506,303.0
2767,2013072507,331.0
2768,2013072508,375.0
2769,2013072509,406.0
2770,2013072510,496.0
2771,2013072511,615.0
2772,2013072512,690.0
2773,2013072513,649.0
2774,2013072514,712.0
2775,2013072515,702.0
2776,2013072516,686.0
2777,2013072517,709.0
2778,2013072518,752.0
2779,2013072519,803.0
2780,2013072520,835.0
2781,2013072521,678.0
2782,2013072522,647.0
2783,2013072523,674.0
2784,2013072600,614.0
2785,2013072601,519.0
2786,2013072602,449.0
2787,2013072603,372.0
2788,2013072604,284.0
2789,2013072605,258.0
2790,2013072606,275.0
2791,2013072607,302.0
2792,2013072608,355.0
2793,2013072609,392.0
2794,2013072610,450.0
2795,2013072611,583.0
2796,2013072612,625.0
2797,2013072613,605.0
2798,2013072614,669.0
2799,2013072615,630.0
2800,2013072616,637.0
2801,2013072617,639.0
2802,2013072618,653.0
2803,2013072619,705.0
2804,2013072620,718.0
2805,2013072621,585.0
2806,2013072622,561.0
2807,2013072623,587.0
2808,2013072700,534.0
2809,2013072701,449.0
2810,2013072702,381.0
2811,2013072703,313.0
2812,2013072704,236.0
2813,2013072705,191.0
2814,2013072706,203.0
2815,2013072707,201.0
2816,2013072708,235.0
2817,2013072709,259.0
2818,2013072710,314.0
2819,2013072711,351.0
2820,2013072712,366.0
2821,2013072713,343.0
2822,2013072714,332.0
2823,2013072715,317.0
2824,2013072716,360.0
2825,2013072717,374.0
2826,2013072718,381.0
2827,2013072719,438.0
2828,2013072720,433.0
2829,2013072721,394.0
2830,2013072722,407.0
2831,2013072723,452.0
2832,2013072800,407.0
2833,2013072801,327.0
2834,2013072802,276.0
2835,2013072803,242.0
2836,2013072804,201.0
2837,2013072805,183.0
2838,2013072806,196.0
2839,2013072807,197.0
2840,2013072808,246.0
2841,2013072809,268.0
2842,2013072810,300.0
2843,2013072811,342.0
2844,2013072812,362.0
2845,2013072813,349.0
2846,2013072814,345.0
2847,2013072815,324.0
2848,2013072816,367.0
2849,2013072817,419.0
2850,2013072818,432.0
2851,2013072819,460.0
2852,2013072820,472.0
2853,2013072821,411.0
2854,2013072822,440.0
2855,2013072823,487.0
2856,2013072900,444.0
2857,2013072901,365.0
2858,2013072902,324.0
2859,2013072903,278.0
2860,2013072904,250.0
2861,2013072905,226.0
2862,2013072906,272.0
2863,2013072907,305.0
2864,2013072908,367.0
2865,2013072909,403.0
2866,2013072910,486.0
2867,2013072911,623.0
2868,2013072912,694.0
2869,2013072913,658.0
2870,2013072914,744.0
2871,2013072915,728.0
2872,2013072916,744.0
2873,2013072917,758.0
2874,2013072918,761.0
2875,2013072919,830.0
2876,2013072920,820.0
2877,2013072921,720.0
2878,2013072922,680.0
2879,2013072923,689.0
2880,2013073000,637.0
2881,2013073001,538.0
2882,2013073002,469.0
2883,2013073003,402.0
2884,2013073004,307.0
2885,2013073005,277.0
2886,2013073006,325.0
2887,2013073007,347.0
2888,2013073008,402.0
2889,2013073009,426.0
2890,2013073010,521.0
2891,2013073011,642.0
2892,2013073012,725.0
2893,2013073013,669.0
2894,2013073014,769.0
2895,2013073015,731.0
2896,2013073016,742.0
2897,2013073017,767.0
2898,2013073018,785.0
2899,2013073019,856.0
2900,2013073020,857.0
2901,2013073021,721.0
2902,2013073022,676.0
2903,2013073023,697.0
2904,2013073100,658.0
2905,2013073101,551.0
2906,2013073102,479.0
2907,2013073103,405.0
2908,2013073104,313.0
2909,2013073105,268.0
2910,2013073106,320.0
2911,2013073107,337.0
2912,2013073108,388.0
2913,2013073109,422.0
2914,2013073110,516.0
2915,2013073111,635.0
2916,2013073112,690.0
2917,2013073113,673.0
2918,2013073114,753.0
2919,2013073115,711.0
2920,2013073116,729.0
2921,2013073117,750.0
2922,2013073118,757.0
2923,2013073119,821.0
2924,2013073120,838.0
2925,2013073121,717.0
2926,2013073122,675.0
2927,2013073123,704.0
